Winery,Wine name,Vintage,Region,Country,Regional wine style,Average rating,Scan date,Your rating,Your price,Your review,Personal note,Wine type,Drinking window,Food pairing,Link to wine,Label image
,Colnero,2009,,,,3.5,2015-06-15 17:05,3.5,,Ottimo con spezie Cajun.,,Red Wine, - ,"Beef, Lamb, Spicy food, Poultry",https://www.vivino.com/wines/25683323,https://images.vivino.com/labels/02cwx4f0dgq35.jpg
Fontanafredda,Langhe Arneis,2013,Langhe,Italy,Northern Italy White,3.4,2014-11-18 18:06,4.0,,Ma è un po' frizzante? O forse mi sembrava tale perché pasteggiai a base di peperoncino?,,White Wine, - ,"Pasta, Shellfish, Mature and hard cheese, Lean fish, Cured Meat",https://www.vivino.com/wines/9062179,https://images.vivino.com/labels/01gu2ug8k5pv8.jpg
Alois Lageder ,Rain Riesling,2012,Alto Adige,Italy,Northern Italy White,3.8,2015-12-24 11:11,3.0,,Ananas. Il tappo di sughero marcato 2012 si è rotto in tre parti.,,White Wine, - ,"Pasta, Shellfish, Mature and hard cheese, Lean fish, Cured Meat",https://www.vivino.com/wines/3294856,https://images.vivino.com/labels/FH7FMwtzSDiE-c6z_mTyzw.jpg
Château Moulin de Raymond,Bordeaux Supérieur,2011,Bordeaux Supérieur,France,Bordeaux Red,3.3,2015-05-01 18:06,3.5,,Morbido.,,Red Wine, - ,"Beef, Veal, Game (deer, venison), Poultry",https://www.vivino.com/wines/9471401,https://images.vivino.com/labels/026lxtijqyhll.jpg
Tenuta Bonzara,Le Carrate Colli Bolognesi Superiore Sauvignon,,Emilia-Romagna,Italy,Central Italy White,3.4,2014-11-30 12:12,2.0,,Cat pee,,White Wine, - ,"Pasta, Vegetarian, Apertizers and snacks, Lean fish, Cured Meat",https://www.vivino.com/wines/3457064,https://images.vivino.com/labels/01ilhmuojmhzt.jpg
,Grüner Veltliner della Valle Isarco,2013,,,,4.0,2014-10-30 18:06,4.0,,Frizzante e amaro.,,White Wine, - ,"",https://www.vivino.com/wines/11021228,https://images.vivino.com/labels/01ebpujqkosmc.jpg
Fondo Ca Vecja,Bantel Sangiovese,2012,Emilia-Romagna,Italy,Central Italy Red,3.5,2015-03-22 17:05,4.0,,Una garanzia.,,Red Wine, - ,"Beef, Pasta, Veal, Poultry",https://www.vivino.com/wines/18173010,https://images.vivino.com/labels/020xxkuv5x5yt.jpg
Abbazia di Novacella,Gewürztraminer,2015,Trentino-Alto Adige,Italy,Northern Italy Gewürztraminer,3.9,2015-09-27 17:05,,,,,White Wine, - ,"Pork, Rich fish (salmon, tuna etc), Spicy food, Poultry, Mild and soft cheese",https://www.vivino.com/wines/21434978,https://images.vivino.com/labels/02r6f5xfuwgoc.jpg
Fazi Battaglia,Verdicchio dei Castelli di Jesi Classico,2013,Marche,Italy,Central Italy White,3.4,2014-11-28 18:06,3.0,,Basso.,,White Wine, - ,"Pasta, Vegetarian, Apertizers and snacks, Lean fish, Cured Meat",https://www.vivino.com/wines/2199304,https://images.vivino.com/labels/01i8ioi8oyc1b.jpg
,Vigna delle Poiane - Sangiovese Riserva,2010,,,,4.0,2015-03-25 18:06,4.0,,Secco.,,Red Wine, - ,"Beef, Veal, Pork, Game (deer, venison), Mature and hard cheese, Poultry",https://www.vivino.com/wines/19621395,https://images.vivino.com/labels/0218mcpo58wlc.jpg
,Fiorile Brisighella,2013,,,,4.0,2014-12-26 12:12,4.0,,Legno.,,White Wine, - ,"",https://www.vivino.com/wines/13660433,https://images.vivino.com/labels/01novcd3in5r6.jpg
,Plebe St. Andrée Chardonnay,,,,,4.5,2015-04-05 17:05,4.5,,Il mio preferito,,White Wine, - ,"Pork, Rich fish (salmon, tuna etc), Vegetarian, Poultry",https://www.vivino.com/wines/21754461,https://images.vivino.com/labels/0231jt8bk1ytj.jpg
Fondo Ca Vecja,Colvento Colli D'Imola Bianco Superiore,2008,Emilia-Romagna,Italy,Central Italy White,4.0,2014-12-20 20:08,4.0,,,,White Wine, - ,"Pasta, Vegetarian, Apertizers and snacks, Lean fish, Cured Meat",https://www.vivino.com/wines/2373818,https://images.vivino.com/labels/01lqynkw1prns.jpg
Margherita Bidoli,Friulano Friuli,2014,Friuli-Venezia Giulia,Italy,Northern Italy White,3.6,2015-10-11 10:10,3.0,,Leggero e delicatamente frizzante.,,White Wine, - ,"Pasta, Shellfish, Mature and hard cheese, Lean fish, Cured Meat",https://www.vivino.com/wines/18554597,https://images.vivino.com/labels/xDSD_ZfCThyeuZHkOsEu5Q.jpg
Mezzacorona,Gewürztraminer Trentino,2013,Trentino,Italy,Northern Italy Gewürztraminer,3.4,2014-11-21 18:06,4.0,,Albicocca.,,White Wine, - ,"Pork, Rich fish (salmon, tuna etc), Spicy food, Poultry, Mild and soft cheese",https://www.vivino.com/wines/4141451,https://images.vivino.com/labels/01h61yj7tdivy.jpg
,Alto Adige Casòn Hirschprunn Bianco,2012,,,,4.0,2016-01-16 19:07,4.0,,Camomilla (E.),,Unknown, - ,"",https://www.vivino.com/wines/95084504,https://images.vivino.com/labels/aMaGs_jwSNSqPKT0YU4Mpw.jpg
Colterenzio,St. Daniel Pinot Nero (Blauburgunder) Riserva Südtirol Alto Adige,2011,Trentino-Alto Adige,Italy,Northern Italy Pinot Noir,3.7,2016-01-05 12:12,,,,,Red Wine, - ,"Beef, Veal, Game (deer, venison), Poultry",https://www.vivino.com/wines/2398100,https://images.vivino.com/labels/Z5Be_xGZRA6Vq83pr-4whw.jpg
Le Grand Noir,Black Sheep GSM,2013,Minervois,France,Languedoc-Roussillon Red,3.5,2015-08-06 14:02,2.5,,Molto secco.,,Red Wine, - ,"Beef, Pasta, Veal",https://www.vivino.com/wines/7022739,https://images.vivino.com/labels/02jwp9qvk6if8.jpg
,"Colli d'Imola Vigna dei Merli, Riserva",2008,,,,4.0,2015-04-07 10:10,4.0,,Amarena e polvere da sparo!,,Red Wine, - ,"Beef, Lamb, Spicy food, Poultry",https://www.vivino.com/wines/20515832,https://images.vivino.com/labels/023aiw3nshvqr.jpg
Domini Veneti,Castelrotto Amarone della Valpolicella Classico,2005,Amarone della Valpolicella Classico,Italy,Italian Amarone,4.5,2016-03-12 19:07,5.0,,Ciliegia. Molto tondo.,,Red Wine, - ,"Beef, Lamb, Game (deer, venison), Blue cheese",https://www.vivino.com/wines/12868554,https://images.vivino.com/labels/opD-bZfrTeu0KSKpsuFb-g.jpg
,Castelletto,2011,,,,4.0,2014-12-31 21:09,4.0,,Bello secco.,,Red Wine, - ,"Beef, Game (deer, venison)",https://www.vivino.com/wines/14086988,https://images.vivino.com/labels/01p9w8df6hwna.jpg
Stefano Ferrucci,Centurione Superiore di Romagna Sangiovese,2013,Emilia-Romagna,Italy,Central Italy Red,3.2,2014-12-07 11:11,3.0,€10,Il 2012 era migliore.,"San Silvestro in cantina, Bologna.",Red Wine, - ,"Beef, Pasta, Veal, Poultry",https://www.vivino.com/wines/7235264,https://images.vivino.com/labels/01jj94xkrvuuz.jpg
,Castelletto,2011,,,,3.5,2015-02-14 17:05,3.5,,,,Red Wine, - ,"Beef, Game (deer, venison)",https://www.vivino.com/wines/17109267,https://images.vivino.com/labels/01vwudn0k3b0l.jpg
Mezzacorona,Castel Firmian Lagrein Trentino,2013,Trentino,Italy,Northern Italy Red,3.8,2015-10-17 10:10,3.0,,Maraschino,,Red Wine, - ,"Beef, Pasta, Lamb, Game (deer, venison)",https://www.vivino.com/wines/8023193,https://images.vivino.com/labels/skpp6kG7RDSpSw-7Z-I8Fw.jpg
La Canosa,Offida Passerina,2014,Marche,Italy,Central Italy White,2.8,2015-12-05 12:12,1.0,,Non recensibile. Purtroppo il tappo probabilmente non ha fatto tenuta bene. Quando ho avvitato il cavatappi ho dovuto spingere un po' ed il tappo è scivolato verso l'interno.,,White Wine, - ,"Pasta, Vegetarian, Apertizers and snacks, Lean fish, Cured Meat",https://www.vivino.com/wines/10699090,https://images.vivino.com/labels/aenjJlb9RgGawv1_saLdGQ.jpg
Rasore,Torrato Primo Giorno Rosso,,,,,2.1,2014-12-28 11:11,2.5,,Un po' aspro.,,Red Wine, - ,"",https://www.vivino.com/wines/12195736,https://images.vivino.com/labels/01o95rb7ngxl0.jpg
,Le Caselle Trebbiano,,,,,3.0,2015-01-30 18:06,3.0,,Fruttato.,,White Wine, - ,"",https://www.vivino.com/wines/15810965,https://images.vivino.com/labels/01tt9kud6qpe6.jpg
Paltrinieri,Leclisse,2013,Emilia-Romagna,Italy,Central Italy Red,3.5,2015-01-17 17:05,3.0,,Alla fine non è malaccio con gli spiedini.,,Red Wine, - ,"Beef, Pasta, Veal, Poultry",https://www.vivino.com/wines/5228600,https://images.vivino.com/labels/01s2k33qlhpdu.jpg
Col Vetoraz,Valdobbiadene Prosecco Frizzante,2013,Prosecco di Conegliano-Valdobbiadene,Italy,Italian Prosecco,4.3,2014-12-06 20:08,4.0,,Sa proprio di uva. Buono,,Sparkling, - ,"Shellfish, Vegetarian, Apertizers and snacks, Aperitif, Cured Meat",https://www.vivino.com/wines/2161262,https://images.vivino.com/labels/01jfjh2v5c5w4.jpg
Fondo Ca Vecia,Due Pievi Vino Bianco,2014,,,,3.8,2016-05-14 11:11,,,,,Red Wine, - ,"",https://www.vivino.com/wines/118023352,https://images.vivino.com/labels/21aKHmOOSbWNAPC4uXID8A.jpg
,Sfide,2012,,,,3.5,2014-12-08 11:11,3.5,€13,"Annusandolo: Alcol denaturato (A.). Bevendolo: piccoli frutti rossi (S.), secco (A.).",,Red Wine, - ,"",https://www.vivino.com/wines/12630854,https://images.vivino.com/labels/01jozx0tnlklc.jpg
Fondo Ca Vecia,Due Pievi Vino Bianco,2011,,,,0.0,2016-05-14 11:12,,,,,Red Wine, - ,"",https://www.vivino.com/wines/143190859,https://images.vivino.com/labels/Ag_MOaO4ShGwHxZ25bSVHw.jpg
,Bantel,2011,,,,4.0,2014-11-01 12:12,4.0,,Secco. Maraschino.,,Red Wine, - ,"Beef, Veal, Pork, Game (deer, venison), Mature and hard cheese, Poultry",https://www.vivino.com/wines/11086434,https://images.vivino.com/labels/01ekj0m8g3bd3.jpg
Grifo,1815 Etna Rosso,,Toscana,Italy,Central Italy Red,3.3,2016-01-03 12:12,2.5,,Molto profumato annusandolo ma poi senza sapore bevendolo.,,Red Wine, - ,"Beef, Pasta, Veal, Poultry",https://www.vivino.com/wines/6161903,https://images.vivino.com/labels/Pridfxs_SM-5sLyCrtaljA.jpg
,Franciacorta Brut,2012,,,,4.0,2014-12-31 20:08,4.0,,Buono!,,White Wine, - ,"Beef, Lamb, Pork, Rich fish (salmon, tuna etc), Vegetarian, Poultry",https://www.vivino.com/wines/14079511,https://images.vivino.com/labels/01p7r70bfcmht.jpg
Pietraserena,Chianti,2006,Chianti,Italy,Italian Chianti,3.5,2014-10-26 17:05,3.5,,Chiodi di garofano e amarena.,,Unknown, - ,"Beef, Veal, Poultry",https://www.vivino.com/wines/10908133,https://images.vivino.com/labels/01dy49i4c9s2j.jpg
Bersi Serlini,Franciacorta,,Lombardia,Italy,,4.0,2016-01-03 12:12,3.0,,Non me lo ricordo più. Bevuto 31/12/2015.,,Sparkling, - ,"Veal, Pork, Game (deer, venison), Rich fish (salmon, tuna etc), Vegetarian, Poultry",https://www.vivino.com/wines/2736822,https://images.vivino.com/labels/4KtxeGM3S_W0FygSuYr42Q.jpg
La Berta,Romagna Superiore Sangiovese,2014,Emilia-Romagna,Italy,Central Italy Red,3.7,2015-05-09 21:09,3.5,,Nocciola.,,Red Wine, - ,"Beef, Pasta, Veal, Poultry",https://www.vivino.com/wines/14772711,https://images.vivino.com/labels/027sv7ximjscw.jpg
Ca dei Zago,Col Fondo Prosecco,2014,Veneto,Italy,Italian Prosecco,3.7,2015-12-19 19:07,4.0,,Arancia.,,Sparkling, - ,"Shellfish, Vegetarian, Apertizers and snacks, Aperitif, Cured Meat",https://www.vivino.com/wines/12314673,https://images.vivino.com/labels/pP_iMewKTIqqUiK44LukPA.jpg
Marenco,Barbera D'Asti Bassina,2013,Asti,Italy,Italian Barbera,2.4,2015-04-05 09:09,3.0,,Troppo legno.,,Red Wine, - ,"Pasta, Veal, Pork, Game (deer, venison), Poultry",https://www.vivino.com/wines/7592341,https://images.vivino.com/labels/022x58b6tjcho.jpg
Francois Dubois,Champagne Brut,2008,Champagne,France,French Champagne,3.1,2016-01-05 12:12,,,,,Sparkling, - ,"Pork, Rich fish (salmon, tuna etc), Shellfish, Mild and soft cheese",https://www.vivino.com/wines/1377765,https://images.vivino.com/labels/6b4s6CVlRSeq54Wc3pg9vw.jpg
Mezzacorona,Castel Firmian Gewürztraminer Trentino,2014,Trentino,Italy,Northern Italy Gewürztraminer,3.7,2015-10-04 09:09,4.0,,Pesca.,,White Wine, - ,"Pork, Rich fish (salmon, tuna etc), Spicy food, Poultry, Mild and soft cheese",https://www.vivino.com/wines/11114866,https://images.vivino.com/labels/02s2jxa1eeuzt.jpg
Tenuta San Guido,Le Difese,2013,Toscana,Italy,Central Italy Red,3.7,2015-12-19 20:08,4.0,,Ricorda il mirtillo.,,Red Wine, - ,"Beef, Pasta, Veal, Poultry",https://www.vivino.com/wines/2346625,https://images.vivino.com/labels/P7RjRtZMTCuAg2YdhKSlrA.jpg
Corallo,Nero Sangiovese di Romagna Superiore Riserva,2008,Valpolicella,Italy,Northern Italy Red,3.7,2015-03-07 21:09,3.0,,,,Red Wine, - ,"Beef, Pasta, Lamb, Game (deer, venison)",https://www.vivino.com/wines/1372941,https://images.vivino.com/labels/01yx29mwj2njf.jpg
Fondo Ca Vecia,Vigna Del Pellicano Albana Di Romagna Passito,2010,Albana di Romagna,Italy,Central Italy White,4.1,2015-12-08 13:01,4.5,,Eccellente.,,White Wine, - ,"Pasta, Vegetarian, Apertizers and snacks, Lean fish, Cured Meat",https://www.vivino.com/wines/10889124,https://images.vivino.com/labels/yPpUYFi4RW6mTB8AGMoxPw.jpg
Folini,Vintage Ribolla Gialla,2014,Friuli-Venezia Giulia,Italy,Northern Italy White,3.1,2015-11-27 17:05,3.0,,Leggermente amaro.,,White Wine, - ,"Pasta, Shellfish, Mature and hard cheese, Lean fish, Cured Meat",https://www.vivino.com/wines/13930219,https://images.vivino.com/labels/LsqjQ3h3Qj-K7nwj47j8cA.jpg
R. López de Heredia Viña Tondonia,Viña Tondonia Reserva,2005,Rioja,Spain,Spanish Rioja Red,3.9,2014-12-26 13:01,4.0,,,,Red Wine, - ,"Beef, Lamb, Veal, Poultry",https://www.vivino.com/wines/2591220,https://images.vivino.com/labels/01npepafy2i86.jpg
Giovannini,Giocondo Cabernet Sauvignon,,,,,3.7,2015-08-02 05:05,3.0,,Piacione. (il Gallo a Castel del Rio),,Red Wine, - ,"Beef, Lamb, Spicy food, Poultry",https://www.vivino.com/wines/1543228,https://images.vivino.com/labels/02jfq1yg2d7aj.jpg
Fondo Ca Vecia,Due Pievi Vino Bianco,2014,,,,3.8,2016-06-02 10:11,,,,,Red Wine, - ,"",https://www.vivino.com/wines/118023352,https://images.vivino.com/labels/cwgMOIi5SyWhH2tzJLP4pg.jpg
Loggia del Giullare,Toscano Rosso,2000,Toscana,Italy,Central Italy Red,2.8,2015-10-25 17:05,2.0,,Un po' troppo acido,,Red Wine, - ,"Beef, Pasta, Veal, Poultry",https://www.vivino.com/wines/13897481,https://images.vivino.com/labels/jLNqvtWtQjW4FCmx8UgiFQ.jpg
,Trebbiano Vigna Rio,2012,,,,3.5,2014-11-14 19:07,3.5,,Sa di trebbiano. Si sente un po' l'alcool alla fine.,,White Wine, - ,"",https://www.vivino.com/wines/11578707,https://images.vivino.com/labels/01g8fi14ffeiv.jpg
,Sansevé,2015,,,,3.0,2016-01-05 11:11,3.0,,Sa un po' di botte. Bevuto la sera del 4 gennaio 2016.,,Sparkling, - ,"Pork, Rich fish (salmon, tuna etc), Vegetarian, Poultry",https://www.vivino.com/wines/88419633,https://images.vivino.com/labels/QjviWrr1TCqDJ2CaYL5szw.jpg
,Vino spumante Demi Sec,2014,,,,4.0,2014-12-20 21:09,4.0,,Uva matura appena colta.,,Dessert Wine, - ,Sweet desserts,https://www.vivino.com/wines/13180979,https://images.vivino.com/labels/01lrt26q3folq.jpg
Cà dei Frati,Tre Filer Stramature Dolce,2008,Lombardia,Italy,Northern Italy White,4.0,2015-05-23 20:08,3.0,,Sa di rucola!,,Dessert Wine, - ,"Pasta, Shellfish, Mature and hard cheese, Lean fish, Cured Meat",https://www.vivino.com/wines/1546638,https://images.vivino.com/labels/029r7eoha32ew.jpg
Fondo Ca Vecja,Pignoletto Vino Frizzante Bornici,2014,,,,4.0,2015-08-01 10:10,4.0,,Frigge il giusto! Estivo.,,Red Wine, - ,"",https://www.vivino.com/wines/29729242,https://images.vivino.com/labels/02j8rcciabu3w.jpg
,Oro et laboro,,,,,4.5,2015-03-21 20:08,4.5,,Dolce ma non eccessivamente simile all'uva passa,,Dessert Wine, - ,"",https://www.vivino.com/wines/19381924,https://images.vivino.com/labels/020rgk82gaya8.jpg
,Tumbaza Trebbiano Rubicone Frizzante,,,,,3.0,2016-03-05 11:11,3.0,,Ha una bella granellina!,,White Wine, - ,"",https://www.vivino.com/wines/127360557,https://images.vivino.com/labels/cjkl3v1OSgqZ0Tq4hsz7pw.jpg
Duca,Odoardo Grechetto Colli Martani,2013,Emilia-Romagna,Italy,Central Italy White,3.2,2014-11-29 12:12,3.0,,Normale. Bravi perché indicano in etichetta la provincia e non solo il paese!,,White Wine, - ,"Pasta, Vegetarian, Apertizers and snacks, Lean fish, Cured Meat",https://www.vivino.com/wines/7595850,https://images.vivino.com/labels/01idif08x8il6.jpg
,Rasice Montepulciano d'Abruzzo,2011,Abruzzo,Italy,Italian Montepulciano d'Abruzzo,4.2,2014-12-06 19:07,4.0,,Ciliegia buona,,Unknown, - ,"Beef, Pasta, Veal, Pork",https://www.vivino.com/wines/12535675,https://images.vivino.com/labels/01jet8h9l2y8l.jpg
Michele Chiarlo,Barolo Tortoniano,2009,Barolo,Italy,Italian Barolo,3.9,2015-05-23 20:08,4.5,,Liscio e rotondo.,,Red Wine, - ,"Beef, Pasta, Lamb, Game (deer, venison)",https://www.vivino.com/wines/2216576,https://images.vivino.com/labels/029r6t7wre3zw.jpg
Valvitis,Friuli Grave Sauvignon,2014,Friuli-Venezia Giulia,Italy,Northern Italy White,3.1,2015-12-12 11:11,3.0,,Buono anche se un po' acido.,,White Wine, - ,"Pasta, Shellfish, Mature and hard cheese, Lean fish, Cured Meat",https://www.vivino.com/wines/24079838,https://images.vivino.com/labels/KJLm70G7RXOJY0jrQXS1TQ.jpg
Castelluccio,Massicone,2008,Emilia-Romagna,Italy,Central Italy Red,3.4,2015-08-02 05:05,3.0,,Piacione. (il Gallo a Castel del Rio),,Red Wine, - ,"Beef, Pasta, Veal, Poultry",https://www.vivino.com/wines/2360280,https://images.vivino.com/labels/02jfpww3dmh76.jpg
Val d'Oca,Prosecco Valdobbiadene Superiore Millesimato,2013,Prosecco di Conegliano-Valdobbiadene,Italy,Italian Prosecco,3.8,2014-12-26 12:12,4.0,,Una sicurezza.,,Sparkling, - ,"Shellfish, Vegetarian, Apertizers and snacks, Aperitif, Cured Meat",https://www.vivino.com/wines/3893064,https://images.vivino.com/labels/01nolhjadddby.jpg
Kellerei Meran Burggrafler,Südtirol Alto Adige Muller Thurgau,,Alto Adige,Italy,Northern Italy Müller Thurgau,3.0,2015-11-28 18:06,,,,,White Wine, - ,"Shellfish, Spicy food, Vegetarian, Apertizers and snacks, Lean fish",https://www.vivino.com/wines/3096643,https://images.vivino.com/labels/3PrGk6r2TGuXTxOX_NhrZA.jpg
,Borghesano Pignoletto frizzante,,,,,3.0,2015-12-19 19:07,3.0,,Non male.,,White Wine, - ,"",https://www.vivino.com/wines/84297550,https://images.vivino.com/labels/23MEnTQBTimwuoTqjVw_4Q.jpg
Livio Felluga,Vertigo,2012,delle Venezie,Italy,Northern Italy Red,3.7,2014-10-25 19:07,4.0,,Buono.,,Red Wine, - ,"Beef, Pasta, Lamb, Game (deer, venison)",https://www.vivino.com/wines/4432042,https://images.vivino.com/labels/01dsipo6trtjf.jpg
Hermon,Mount Hermon White,2014,Galil,Israel,,3.8,2016-04-24 19:07,3.0,,Bello secco,,White Wine, - ,"Pork, Game (deer, venison), Rich fish (salmon, tuna etc), Shellfish, Spicy food, Sweet desserts, Vegetarian, Poultry, Mild and soft cheese",https://www.vivino.com/wines/7209868,https://images.vivino.com/labels/xJPiMHMVRfC2HSbhAQCxIw.jpg
,Cuvée Imperiale Franciacorta D.O.C.G. Brut,2013,,,,4.0,2015-03-21 20:08,4.0,,Ottimo,,Sparkling, - ,"Beef, Lamb, Pork, Rich fish (salmon, tuna etc), Vegetarian, Poultry",https://www.vivino.com/wines/19379088,https://images.vivino.com/labels/020r61hl7y6q3.jpg
Baron di Pauli,Exilissi Sell,2007,Alto Adige,Italy,Northern Italy White,4.4,2016-02-20 21:09,4.0,,Albicocca.,,White Wine, - ,"Pasta, Shellfish, Mature and hard cheese, Lean fish, Cured Meat",https://www.vivino.com/wines/112303,https://images.vivino.com/labels/tiOzu11MQpyIwfNX0HEyZQ.jpg
Perrot Batteux,Champagne Helixe Nature Brut Natrue,,Champagne,France,French Champagne,4.2,2015-12-30 13:01,4.0,,A me che non piace lo champagne...,,Sparkling, - ,"Pork, Rich fish (salmon, tuna etc), Shellfish, Mild and soft cheese",https://www.vivino.com/wines/4694050,https://images.vivino.com/labels/2StQyegwS3S9HZuXA4ASHw.jpg
Colterenzio,St. Daniel Pinot Nero (Blauburgunder) Riserva Südtirol Alto Adige,2011,Trentino-Alto Adige,Italy,Northern Italy Pinot Noir,3.7,2016-01-05 11:11,,,,,Red Wine, - ,"Beef, Veal, Game (deer, venison), Poultry",https://www.vivino.com/wines/2398100,https://images.vivino.com/labels/o94Y4fRFSbKFyMVgyvql2w.jpg
,Colli d'Imola Sangiovese Riserva Vigna delle Poiane,2010,,,,4.5,2016-02-07 11:11,4.5,,Eccellente,,Red Wine, - ,"Beef, Veal, Pork, Game (deer, venison), Mature and hard cheese, Poultry",https://www.vivino.com/wines/107989071,https://images.vivino.com/labels/IJQbzZKpSemaH5jH7l9wGA.jpg
Fondo Ca Vecja,Colvento Colli D'Imola Bianco Superiore,2010,Emilia-Romagna,Italy,Central Italy White,3.5,2014-12-20 19:07,,,,,White Wine, - ,"Pasta, Vegetarian, Apertizers and snacks, Lean fish, Cured Meat",https://www.vivino.com/wines/10839875,https://images.vivino.com/labels/01lqf3sl00ehh.jpg
Mezzacorona,Castel Firmian Nosiola Trentino,2012,Trentino,Italy,Northern Italy White,3.6,2014-11-06 18:06,3.0,,Piatto.,,White Wine, - ,"Pasta, Shellfish, Mature and hard cheese, Lean fish, Cured Meat",https://www.vivino.com/wines/3863192,https://images.vivino.com/labels/01f73dhaf55pn.jpg
Casetto dei Mandorli,Nicolucci Tre Rocche Sangiovese,2013,Emilia-Romagna,Italy,Central Italy Red,3.8,2015-03-01 07:07,3.5,,Legno,,Red Wine, - ,"Beef, Pasta, Veal, Poultry",https://www.vivino.com/wines/6589034,https://images.vivino.com/labels/01y2a84jng26u.jpg
,Spumante Demi Sec,2014,,,,4.0,2014-12-31 23:11,4.0,,,,White Wine, - ,Sweet desserts,https://www.vivino.com/wines/14099339,https://images.vivino.com/labels/01pcchueivenz.jpg
Tolloy,Alto Adige Südtirol Gewurztraminer,2014,Alto Adige,Italy,Northern Italy Gewürztraminer,3.7,2015-09-06 10:10,4.0,,Mandarino.,,White Wine, - ,"Pork, Rich fish (salmon, tuna etc), Spicy food, Poultry, Mild and soft cheese",https://www.vivino.com/wines/16216821,https://images.vivino.com/labels/02o5mihq1qt0d.jpg
Muri-Gries,Lagrein Südtirol,2013,Alto Adige,Italy,Northern Italy Red,3.6,2015-03-21 20:08,4.5,,Morbidissimo,,Red Wine, - ,"Beef, Pasta, Lamb, Game (deer, venison)",https://www.vivino.com/wines/2182278,https://images.vivino.com/labels/020r774xd7hal.jpg
Abbazia di Novacella,Gaudium Grüner Veltliner,2013,Trentino-Alto Adige,Italy,Austrian Grüner Veltliner,3.7,2014-10-23 17:05,4.0,,Piace molto a S.,,White Wine, - ,"Pork, Vegetarian, Poultry, Lean fish, Cured Meat",https://www.vivino.com/wines/15227797,https://images.vivino.com/labels/01dg1uet6mls8.jpg
,Romagna Sangiovese Superiore,2013,,,,3.0,2015-04-15 17:05,3.0,,Sa un po' troppo di legno.,,Red Wine, - ,"Beef, Veal, Pork, Game (deer, venison), Mature and hard cheese, Poultry",https://www.vivino.com/wines/20967109,https://images.vivino.com/labels/024cklvluqnzu.jpg
Piccione,Spumante Rosé Brut,,Abruzzo,Italy,,3.3,2014-12-20 19:07,3.5,,,,Sparkling, - ,"",https://www.vivino.com/wines/11023221,https://images.vivino.com/labels/01lq94enkaciu.jpg
Querciola,Romagna Albana Secco,2014,Romagna Albana Spumante,Italy,Central Italy Red,3.0,2015-09-16 13:01,3.0,,Secco.,,Red Wine, - ,"Beef, Pasta, Veal, Poultry",https://www.vivino.com/wines/36046103,https://images.vivino.com/labels/02pjnrzrtpqlm.jpg
Girlan,Pasithea Oro Gewürztraminer,2011,Alto Adige,Italy,Northern Italy Gewürztraminer,4.5,2014-12-31 23:11,4.5,,Miele.,,Dessert Wine, - ,"Pork, Rich fish (salmon, tuna etc), Spicy food, Poultry, Mild and soft cheese",https://www.vivino.com/wines/2797583,https://images.vivino.com/labels/01pcehzzbmbdh.jpg
Margherita Bidoli,Friuli Merlot,,Friuli-Venezia Giulia,Italy,Northern Italy Red,3.4,2015-11-01 18:06,3.5,,Semplice e buono.,,Red Wine, - ,"Beef, Pasta, Lamb, Game (deer, venison)",https://www.vivino.com/wines/3188897,https://images.vivino.com/labels/FOS4VtNDQxiZzO9h0B4BzQ.jpg
Còlpetrone,Montefalco Sagrantino,2010,Montefalco Sagrantino,Italy,Central Italy Red,3.8,2016-01-05 12:12,4.0,,Armonico. Bevuto la sera del 4 gennaio 2016.,,Red Wine, - ,"Beef, Pasta, Veal, Poultry",https://www.vivino.com/wines/4200944,https://images.vivino.com/labels/RY_fUxIoSAmgFezIgGUkCA.jpg
Fondo Ca Vecia,Due Pievi Vino Bianco,2014,,,,3.8,2016-05-14 11:13,,,,,Red Wine, - ,"",https://www.vivino.com/wines/118023352,https://images.vivino.com/labels/a8CnkF-UStOJyCXCENAKwg.jpg
Fondo Ca Vecia,Plebe St Andree Chardonnay,2015,,,,4.0,2016-06-02 10:10,4.0,,Leggero ricordo di melone,,White Wine, - ,"Pork, Rich fish (salmon, tuna etc), Vegetarian, Poultry",https://www.vivino.com/wines/143811172,https://images.vivino.com/labels/JdEBfX1fT0-9cAMjZmq6Lg.jpg
Tre Monti,Campo di Mezzo Superiore Sangiovese,2013,Emilia-Romagna,Italy,Central Italy Red,3.3,2014-10-25 19:07,4.0,,Ciliegia,,Red Wine, - ,"Beef, Pasta, Veal, Poultry",https://www.vivino.com/wines/4032714,https://images.vivino.com/labels/01dsfhdm7qm45.jpg
Umberto Cesari,Tauleto Sangiovese,2007,Sangiovese di Romagna,Italy,Central Italy Red,4.4,2015-09-19 18:06,4.0,,Ciliegia,,Red Wine, - ,"Beef, Pasta, Veal, Poultry",https://www.vivino.com/wines/1745563,https://images.vivino.com/labels/02q11qindc8gw.jpg
Montenisa,Marchese Antinori Cuvée Royale,,Franciacorta,Italy,,3.7,2016-01-03 12:12,3.0,,Non me lo ricordo più. Bevuto il 31/12/2015.,,Sparkling, - ,"Beef, Lamb, Pork, Rich fish (salmon, tuna etc), Shellfish, Vegetarian, Poultry",https://www.vivino.com/wines/35593775,https://images.vivino.com/labels/QCh_hWxTThKGtdcCkC_RRQ.jpg
Cà dei Frati,Tre Filer Stramature Dolce,2009,Lombardia,Italy,Northern Italy White,3.6,2014-12-06 20:08,4.0,,Mi piace perché non sa di uvetta e/o uva passa.,,Dessert Wine, - ,"Pasta, Shellfish, Mature and hard cheese, Lean fish, Cured Meat",https://www.vivino.com/wines/2122085,https://images.vivino.com/labels/01jflwtph9n1p.jpg
Tenuta di Monteveglio,Chiarli Colli Bolognesi Pignoletto,,Emilia-Romagna,Italy,Central Italy White,3.2,2015-03-07 21:09,3.0,,,,White Wine, - ,"Pasta, Vegetarian, Apertizers and snacks, Lean fish, Cured Meat",https://www.vivino.com/wines/1860779,https://images.vivino.com/labels/01yx2txu0i2bs.jpg
Dolianova,Cagliari Moscato,2010,Sardegna,Italy,,3.3,2016-01-05 12:12,3.0,,Fruttato. Bevuto il 31 /12/2015.,,Dessert Wine, - ,Sweet desserts,https://www.vivino.com/wines/2276331,https://images.vivino.com/labels/PHaQC_2eSAOPrzq0hEXalg.jpg
Drei Donà - Tenuta La Palazza,PRUNO - Sangiovese di Romagna DOC Superiore Riserva,2011,Emilia-Romagna,Italy,Central Italy Red,4.1,2015-12-19 20:08,4.0,,Dicono un po' ruffiano.,,Red Wine, - ,"Beef, Pasta, Veal, Poultry",https://www.vivino.com/wines/3151585,https://images.vivino.com/labels/CSjIVeS_QbWiTaFNyz-Cjw.jpg
,Le Caselle,,,,,3.5,2015-04-18 10:10,3.5,,Sincero.,,White Wine, - ,"Beef, Lamb, Pork, Spicy food",https://www.vivino.com/wines/21127676,https://images.vivino.com/labels/024q0o8noa7gs.jpg
Righetti,Righetti Amarone della Valpolicella Classico,2010,Valpolicella,Italy,Italian Amarone,4.2,2016-02-20 21:09,4.5,,"Ciliegia, cuoio, tabacco.",,Red Wine, - ,"Beef, Lamb, Game (deer, venison), Blue cheese",https://www.vivino.com/wines/2601598,https://images.vivino.com/labels/nxU1j2q4TZSM2i8JUioY0g.jpg
Il Monticino,Malvasia Del Monticino,2011,Emilia-Romagna,Italy,Central Italy White,4.0,2015-12-31 12:12,4.0,,Buono ma albicocca,,White Wine, - ,"Pasta, Vegetarian, Apertizers and snacks, Lean fish, Cured Meat",https://www.vivino.com/wines/38241438,https://images.vivino.com/labels/CIj4iLeaTK2UKBkiHdMv-w.jpg
Kuenhof,Südtirol Eisacktaler Veltliner,2013,Trentino-Alto Adige,Italy,Northern Italy Red,3.4,2014-10-19 11:11,3.0,,Bevuto a 7 gradi e forse era troppo freddo.,,Red Wine, - ,"Beef, Pasta, Lamb, Game (deer, venison)",https://www.vivino.com/wines/5882720,https://images.vivino.com/labels/01d0l1u7yg9qs.jpg
Fondo Ca Vecja,Colvento Colli D'Imola Bianco Superiore,2013,Emilia-Romagna,Italy,Central Italy White,3.8,2015-02-13 17:05,3.5,,Sapore classico.,,White Wine, - ,"Pasta, Vegetarian, Apertizers and snacks, Lean fish, Cured Meat",https://www.vivino.com/wines/11707175,https://images.vivino.com/labels/01vp85zyczehm.jpg
Ancarani,Pignoletto,2015,Colli di Faenza,Italy,Northern Italy Red,3.0,2016-05-28 18:06,3.0,,Secco e piano,,Red Wine, - ,"Beef, Pasta, Lamb, Game (deer, venison)",https://www.vivino.com/wines/143686493,https://images.vivino.com/labels/SIb3KQo9Q3uMu7pGOW-1gQ.jpg
,Custoza,2013,,,,4.0,2014-12-14 12:12,4.0,,Buono. Agrumi e pompelmo (S.),,White Wine, - ,"",https://www.vivino.com/wines/12873530,https://images.vivino.com/labels/01kla7zs8sd9h.jpg
Cascina Degli Ulivi,Gavi,2014,Piemonte,Italy,Italian Gavi,3.2,2016-05-07 19:07,2.0,,Per i miei gusti è un po' troppo genuino...,,White Wine, - ,"Pasta, Shellfish, Apertizers and snacks, Lean fish, Cured Meat",https://www.vivino.com/wines/27591702,https://images.vivino.com/labels/TxAZAY4vS7K4V_pdp3C-uw.jpg
,Crémant d'Alsace Brut,,,,,3.0,2015-04-10 08:08,3.0,,Troppo secco.,,Sparkling, - ,"",https://www.vivino.com/wines/20658384,https://images.vivino.com/labels/023lckwsncah9.jpg
Fondo Ca Vecia,Due Pievi Vino Bianco,2014,,,,3.8,2016-06-02 10:10,,,,,Red Wine, - ,"",https://www.vivino.com/wines/118023352,https://images.vivino.com/labels/PIwOtwxqTRK02np1qTpRhw.jpg
Fondo Ca Vecia,Plebe St Andree Chardonnay,,,,,4.0,2015-09-03 17:05,4.0,,Ottimo come sempre. Il mio preferito!,,White Wine, - ,"Pork, Rich fish (salmon, tuna etc), Vegetarian, Poultry",https://www.vivino.com/wines/2749901,https://images.vivino.com/labels/02nnjo3wn2ugu.jpg
Mezzacorona,Castel Firmian Lagrein Trentino,2010,Trentino,Italy,Northern Italy Red,3.5,2015-10-17 10:10,,,,,Red Wine, - ,"Beef, Pasta, Lamb, Game (deer, venison)",https://www.vivino.com/wines/2001268,https://images.vivino.com/labels/kiVP2bgbSGW3fNRrlpt43w.jpg
Sartori,Villa Mura Chardonnay Veneto,,Veneto,Italy,Northern Italy White,2.9,2015-06-17 17:05,3.0,,Piano.,,White Wine, - ,"Pasta, Shellfish, Mature and hard cheese, Lean fish, Cured Meat",https://www.vivino.com/wines/6029640,https://images.vivino.com/labels/02d43c16g2k8k.jpg
,Grüner Veltliner,2013,,,,4.0,2015-09-27 17:05,4.0,,Essenziale e liscio.,,Unknown, - ,"Pork, Rich fish (salmon, tuna etc), Shellfish, Vegetarian, Lean fish, Mild and soft cheese, Goat cheese",https://www.vivino.com/wines/38338940,https://images.vivino.com/labels/02r6gx4gtfzqq.jpg
Ottella,Molceo Lugana Superiore,2010,Lugana,Italy,Northern Italy White,3.5,2015-04-02 10:10,3.0,,Agrumi.,,White Wine, - ,"Pasta, Shellfish, Mature and hard cheese, Lean fish, Cured Meat",https://www.vivino.com/wines/2326241,https://images.vivino.com/labels/022a95bq7kh3j.jpg
Tenuta Bonzara,Colli Bolognesi Il Rosso Bologna,,Emilia-Romagna,Italy,,3.5,2014-11-30 12:12,2.0,,Legno.,,Unknown, - ,"",https://www.vivino.com/wines/3517714,https://images.vivino.com/labels/01ili4p0prrrm.jpg
Le Grand Noir,Black Sheep Chardonnay,2013,Minervois,France,Languedoc-Roussillon White,3.5,2015-07-23 10:10,3.5,,Secco e liscio,,White Wine, - ,"Pasta, Vegetarian, Poultry, Lean fish, Aperitif",https://www.vivino.com/wines/3048819,https://images.vivino.com/labels/02hxvr3kg1p4q.jpg
Fondo Ca Vecja,Burnis Pignoletto,2012,Emilia-Romagna,Italy,Central Italy White,3.5,2015-01-11 17:05,3.5,,,,White Wine, - ,"Pasta, Vegetarian, Apertizers and snacks, Lean fish, Cured Meat",https://www.vivino.com/wines/14695577,https://images.vivino.com/labels/01raz7q5fy39l.jpg
Fondo Ca Vecja,Burnis Pignoletto,,Emilia-Romagna,Italy,Central Italy White,2.8,2015-07-02 17:05,3.5,,Non troppo frizzante,,White Wine, - ,"Pasta, Vegetarian, Apertizers and snacks, Lean fish, Cured Meat",https://www.vivino.com/wines/5157776,https://images.vivino.com/labels/02f4qbj2dl1za.jpg
,Albana di Romagna Passito,2010,,,,4.0,2014-11-03 20:08,4.0,,Albicocca,,Unknown, - ,"",https://www.vivino.com/wines/10867129,
Fondo Ca Vecia,Plebe St Andree Chardonnay,2013,,,,4.5,2014-12-31 20:08,4.5,,Anche se ha meno gradi rispetto al 2012 è sempre valido.,,White Wine, - ,"Pork, Rich fish (salmon, tuna etc), Vegetarian, Poultry",https://www.vivino.com/wines/14083352,https://images.vivino.com/labels/01p93idgwn6u4.jpg
,Centurione Romagna Sangiovese Superiore,2014,,,,4.0,2016-03-26 18:06,4.0,,"Un po' aspro, meglio berlo dopo averlo lasciato aperto qualche ora. Appena aperto è sotto alle tre stelle.",,Red Wine, - ,"Beef, Veal, Pork, Game (deer, venison), Mature and hard cheese, Poultry",https://www.vivino.com/wines/141278235,https://images.vivino.com/labels/leLaODAyQ4icIKehGwVCWw.jpg
,Plebe St. Andrée,2013,,,,4.5,2014-12-18 18:06,4.5,,Ottimo.,,White Wine, - ,"Pork, Rich fish (salmon, tuna etc), Vegetarian, Poultry",https://www.vivino.com/wines/13047339,https://images.vivino.com/labels/01l7upuaz656a.jpg
Fondo Ca Vecja,Colvento Colli D'Imola Bianco Superiore,2009,Emilia-Romagna,Italy,Central Italy White,4.0,2014-12-20 19:07,4.0,,Tiene il tempo.,,White Wine, - ,"Pasta, Vegetarian, Apertizers and snacks, Lean fish, Cured Meat",https://www.vivino.com/wines/13171481,https://images.vivino.com/labels/01lqf9sz90lkw.jpg
Mezzacorona,Castel Firmian Traminer Aromatico,2012,Trentino,Italy,Northern Italy White,3.5,2014-11-16 11:11,3.0,,Sa di marsala.,,White Wine, - ,"Pasta, Shellfish, Mature and hard cheese, Lean fish, Cured Meat",https://www.vivino.com/wines/2199300,https://images.vivino.com/labels/01gl24y4zktqr.jpg
Mezzacorona,Castel Firmian Assonanza,2013,Vigneti delle Dolomiti,Italy,Northern Italy White,3.5,2015-09-11 11:11,4.0,,Bello liscio.,,White Wine, - ,"Pasta, Shellfish, Mature and hard cheese, Lean fish, Cured Meat",https://www.vivino.com/wines/17275939,https://images.vivino.com/labels/02or5tnyouoch.jpg
,Due Pievi,2014,,,,4.0,2015-05-03 11:11,4.0,,A me piace molto!,,White Wine, - ,"",https://www.vivino.com/wines/22234726,https://images.vivino.com/labels/026y8h69ip24r.jpg
Fondo Ca Vecia,Plebe St Andree Chardonnay,2012,,,,4.5,2014-12-31 20:08,4.5,,Una sicurezza.,,White Wine, - ,"Pork, Rich fish (salmon, tuna etc), Vegetarian, Poultry",https://www.vivino.com/wines/14079958,https://images.vivino.com/labels/01p8wcwygriha.jpg
Feudo Arancio,Tinchitè,2014,Terre Siciliane,Italy,Southern Italy White,3.7,2015-11-07 18:06,3.0,,Adatto con carni leggere.,,White Wine, - ,"Shellfish, Vegetarian, Apertizers and snacks",https://www.vivino.com/wines/8252783,https://images.vivino.com/labels/dwW-fHylSmOp4Qeap4VhCQ.jpg
Nals Margreid,Sirmian Pinot Bianco,2014,Alto Adige,Italy,Northern Italy Pinot Blanc,3.8,2015-05-23 11:11,3.0,,Secco. Molto adatto con formaggio di capra.,,White Wine, - ,"Rich fish (salmon, tuna etc), Shellfish, Mild and soft cheese, Cured Meat",https://www.vivino.com/wines/4472636,https://images.vivino.com/labels/029mwtl0pwbw0.jpg
Colterenzio,St. Daniel Pinot Nero (Blauburgunder) Riserva Südtirol Alto Adige,2011,Trentino-Alto Adige,Italy,Northern Italy Pinot Noir,3.7,2016-01-03 12:12,4.0,,Molto rotondo. Bevuto il 31/12/2015.,,Red Wine, - ,"Beef, Veal, Game (deer, venison), Poultry",https://www.vivino.com/wines/2398100,https://images.vivino.com/labels/US7nDWNHTcemOGdjMQsXZQ.jpg
Valvitis,Delle Venezie Traminer Aromatico,,delle Venezie,Italy,Northern Italy White,2.5,2015-12-19 12:12,2.5,,Arancia ma un po' troppo amaro.,,White Wine, - ,"Pasta, Shellfish, Mature and hard cheese, Lean fish, Cured Meat",https://www.vivino.com/wines/4560475,https://images.vivino.com/labels/Y3yMrzmrRFmNCW9anzmZ5A.jpg
Abbazia di Novacella,Gaudium Grüner Veltliner,2014,Trentino-Alto Adige,Italy,Austrian Grüner Veltliner,3.7,2015-11-22 11:11,3.0,,Un po' troppo amaro,,White Wine, - ,"Pork, Vegetarian, Poultry, Lean fish, Cured Meat",https://www.vivino.com/wines/22053639,https://images.vivino.com/labels/9VOF3Y9WRVylRYHPoTleTQ.jpg
Cocevola,Castel del Monte Rosso Nero di Troia,2008,Puglia,Italy,Southern Italy Red,3.8,2015-12-08 12:12,3.5,,Amarena,,Red Wine, - ,"Beef, Pasta, Lamb",https://www.vivino.com/wines/3698208,https://images.vivino.com/labels/SPF9VTRDQEmuPyL_nvWTcw.jpg
,Due Pievi,2014,,,,4.0,2016-02-06 11:11,4.0,,Molto buono!,,White Wine, - ,"",https://www.vivino.com/wines/107144036,https://images.vivino.com/labels/sGJ3VEF_TY2yCm277haArA.jpg
